<?xml version="1.0" encoding="UTF-8"?>
<project-private xmlns="http://www.netbeans.org/ns/project-private/1">
    <editor-bookmarks xmlns="http://www.netbeans.org/ns/editor-bookmarks/2" lastBookmarkId="0"/>
    <open-files xmlns="http://www.netbeans.org/ns/projectui-open-files/2">
        <group>
            <file>file:/C:/Users/MASTER/Documents/NetBeansProjects/ProyectosUcp/Taller3ListEstudy/Taller3ListEstudy/src/taller3listestudy/nota.java</file>
            <file>file:/C:/Users/MASTER/Documents/NetBeansProjects/ProyectosUcp/Taller3ListEstudy/Taller3ListEstudy/src/taller3listestudy/main.java</file>
            <file>file:/C:/Users/MASTER/Documents/NetBeansProjects/ProyectosUcp/Taller3ListEstudy/Taller3ListEstudy/src/taller3listestudy/profesor.java</file>
            <file>file:/C:/Users/MASTER/Documents/NetBeansProjects/ProyectosUcp/Taller3ListEstudy/Taller3ListEstudy/src/taller3listestudy/estudiante.java</file>
            <file>file:/C:/Users/MASTER/Documents/NetBeansProjects/ProyectosUcp/Taller3ListEstudy/Taller3ListEstudy/src/taller3listestudy/materia.java</file>
            <file>file:/C:/Users/MASTER/Documents/NetBeansProjects/ProyectosUcp/Taller3ListEstudy/Taller3ListEstudy/src/taller3listestudy/Persona.java</file>
        </group>
    </open-files>
</project-private>
