<?xml version="1.0" encoding="UTF-8"?>
<project-private xmlns="http://www.netbeans.org/ns/project-private/1">
    <editor-bookmarks xmlns="http://www.netbeans.org/ns/editor-bookmarks/2" lastBookmarkId="0"/>
    <open-files xmlns="http://www.netbeans.org/ns/projectui-open-files/2">
        <group>
            <file>file:/C:/Users/Pepe/Documents/NetBeansProjects/ListasArrays/src/ListasArraysOrdenada/Lista.java</file>
            <file>file:/C:/Users/Pepe/Documents/NetBeansProjects/ListasArrays/src/ListasArraysOrdenada/IListaArrayOrdenada.java</file>
            <file>file:/C:/Users/Pepe/Documents/NetBeansProjects/ListasArrays/src/ListasArraysOrdenada/Trabajo.java</file>
            <file>file:/C:/Users/Pepe/Documents/NetBeansProjects/ListasArrays/src/ListasArraysOrdenada/ListaOrdenada.java</file>
            <file>file:/C:/Users/Pepe/Documents/NetBeansProjects/ListasArrays/src/ListasArraysOrdenada/IListaArray.java</file>
        </group>
    </open-files>
</project-private>
