{"apellido":"Fito","nota":[{"codigo":"0133","nota":4.0}],"materia":[{"codigo":"0133","nombre":"calculo","notaMin":3.5,"profesor":[{"codigoPro":"012","codigoMa":"0133","nombre":"Sesar Gonsalez","correo":"sg@cole.co","telefono":"3113111714","edad":0}]}],"nombre":"Alex","correo":"lol@cole.co","telefono":"3137344859","edad":17}
{"apellido":"Grillo","nota":[{"codigo":"0133","nota":4.5}],"materia":[{"codigo":"0133","nombre":"calculo","notaMin":3.5,"profesor":[{"codigoPro":"012","codigoMa":"0133","nombre":"Sesar Gonsalez","correo":"sg@cole.co","telefono":"3113111714","edad":0}]}],"nombre":"Pepe","correo":"pG@cole.co","telefono":"314514795","edad":18}
{"apellido":"Perez","nota":[{"codigo":"0133","nota":3.5}],"materia":[{"codigo":"0133","nombre":"calculo","notaMin":3.5,"profesor":[{"codigoPro":"012","codigoMa":"0133","nombre":"Sesar Gonsalez","correo":"sg@cole.co","telefono":"3113111714","edad":0}]}],"nombre":"Antonio","correo":"Ap@cole.co","telefono":"3535353","edad":20}
{"apellido":"Cardona","nota":[{"codigo":"0133","nota":2.0}],"materia":[{"codigo":"0133","nombre":"calculo","notaMin":3.5,"profesor":[{"codigoPro":"012","codigoMa":"0133","nombre":"Sesar Gonsalez","correo":"sg@cole.co","telefono":"3113111714","edad":0}]}],"nombre":"Laura","correo":"Lc@cole.co","telefono":"184618","edad":16}
{"apellido":"Castaño","nota":[{"codigo":"0133","nota":3.0}],"materia":[{"codigo":"0133","nombre":"calculo","notaMin":3.5,"profesor":[{"codigoPro":"012","codigoMa":"0133","nombre":"Sesar Gonsalez","correo":"sg@cole.co","telefono":"3113111714","edad":0}]}],"nombre":"Juliana","correo":"jC@cole.co","telefono":"554421","edad":15}
{"apellido":"Perez","nota":[{"codigo":"0133","nota":5.0}],"materia":[{"codigo":"0133","nombre":"calculo","notaMin":3.5,"profesor":[{"codigoPro":"012","codigoMa":"0133","nombre":"Sesar Gonsalez","correo":"sg@cole.co","telefono":"3113111714","edad":0}]}],"nombre":"Jorge","correo":"jp@cole.co","telefono":"32266104","edad":21}
{"apellido":"Aristizabal","nota":[{"codigo":"0133","nota":3.8}],"materia":[{"codigo":"0133","nombre":"calculo","notaMin":3.5,"profesor":[{"codigoPro":"012","codigoMa":"0133","nombre":"Sesar Gonsalez","correo":"sg@cole.co","telefono":"3113111714","edad":0}]}],"nombre":"Monica","correo":"Ma@cole.co","telefono":"8781","edad":19}
{"apellido":"Saratoga","nota":[{"codigo":"0133","nota":1.0}],"materia":[{"codigo":"0133","nombre":"calculo","notaMin":3.5,"profesor":[{"codigoPro":"012","codigoMa":"0133","nombre":"Sesar Gonsalez","correo":"sg@cole.co","telefono":"3113111714","edad":0}]}],"nombre":"Luisa","correo":"ls@cole.co","telefono":"448941","edad":18}
{"apellido":"Crespo","nota":[{"codigo":"0133","nota":2.0}],"materia":[{"codigo":"0133","nombre":"calculo","notaMin":3.5,"profesor":[{"codigoPro":"012","codigoMa":"0133","nombre":"Sesar Gonsalez","correo":"sg@cole.co","telefono":"3113111714","edad":0}]}],"nombre":"Federico","correo":"Fc@cole.co","telefono":"5151","edad":17}
{"apellido":"Peralta","nota":[{"codigo":"0133","nota":4.0}],"materia":[{"codigo":"0133","nombre":"calculo","notaMin":3.5,"profesor":[{"codigoPro":"012","codigoMa":"0133","nombre":"Sesar Gonsalez","correo":"sg@cole.co","telefono":"3113111714","edad":0}]}],"nombre":"Manuela","correo":"mp@cole.co","telefono":"564561","edad":15}
{"apellido":"Mesa","nota":[{"codigo":"0133","nota":3.5}],"materia":[{"codigo":"0133","nombre":"calculo","notaMin":3.5,"profesor":[{"codigoPro":"012","codigoMa":"0133","nombre":"Sesar Gonsalez","correo":"sg@cole.co","telefono":"3113111714","edad":0}]}],"nombre":"Felipe","correo":"fm@cole.co","telefono":"12204545","edad":17}
{"apellido":"Dussan","nota":[{"codigo":"0133","nota":3.0}],"materia":[{"codigo":"0133","nombre":"calculo","notaMin":3.5,"profesor":[{"codigoPro":"012","codigoMa":"0133","nombre":"Sesar Gonsalez","correo":"sg@cole.co","telefono":"3113111714","edad":0}]}],"nombre":"Santiago","correo":"sd@cole.co","telefono":"10551555","edad":20}
{"apellido":"Saldarriaga","nota":[{"codigo":"0133","nota":3.2}],"materia":[{"codigo":"0133","nombre":"calculo","notaMin":3.5,"profesor":[{"codigoPro":"012","codigoMa":"0133","nombre":"Sesar Gonsalez","correo":"sg@cole.co","telefono":"3113111714","edad":0}]}],"nombre":"Miguel","correo":"ms@cole.co","telefono":"00147998","edad":19}
{"apellido":"Marin","nota":[{"codigo":"0133","nota":3.4}],"materia":[{"codigo":"0133","nombre":"calculo","notaMin":3.5,"profesor":[{"codigoPro":"012","codigoMa":"0133","nombre":"Sesar Gonsalez","correo":"sg@cole.co","telefono":"3113111714","edad":0}]}],"nombre":"Joan","correo":"jm@cole.co","telefono":"9990544187","edad":18}
{"apellido":"Osono","nota":[{"codigo":"0133","nota":3.6}],"materia":[{"codigo":"0133","nombre":"calculo","notaMin":3.5,"profesor":[{"codigoPro":"012","codigoMa":"0133","nombre":"Sesar Gonsalez","correo":"sg@cole.co","telefono":"3113111714","edad":0}]}],"nombre":"Steven","correo":"so@cole.co","telefono":"99802442","edad":18}
{"apellido":"Manzano","nota":[{"codigo":"0133","nota":3.8}],"materia":[{"codigo":"0133","nombre":"calculo","notaMin":3.5,"profesor":[{"codigoPro":"012","codigoMa":"0133","nombre":"Sesar Gonsalez","correo":"sg@cole.co","telefono":"3113111714","edad":0}]}],"nombre":"Julian","correo":"jm@cole.co","telefono":"10883354","edad":19}
{"apellido":"Ocampo","nota":[{"codigo":"0133","nota":4.0}],"materia":[{"codigo":"0133","nombre":"calculo","notaMin":3.5,"profesor":[{"codigoPro":"012","codigoMa":"0133","nombre":"Sesar Gonsalez","correo":"sg@cole.co","telefono":"3113111714","edad":0}]}],"nombre":"Juan","correo":"jo@cole.co","telefono":"99820024","edad":20}
{"apellido":"Rios","nota":[{"codigo":"0133","nota":4.2}],"materia":[{"codigo":"0133","nombre":"calculo","notaMin":3.5,"profesor":[{"codigoPro":"012","codigoMa":"0133","nombre":"Sesar Gonsalez","correo":"sg@cole.co","telefono":"3113111714","edad":0}]}],"nombre":"Angel","correo":"ar@cole.co","telefono":"352485515","edad":18}
{"apellido":"Lopez","nota":[{"codigo":"0133","nota":4.4}],"materia":[{"codigo":"0133","nombre":"calculo","notaMin":3.5,"profesor":[{"codigoPro":"012","codigoMa":"0133","nombre":"Sesar Gonsalez","correo":"sg@cole.co","telefono":"3113111714","edad":0}]}],"nombre":"Diego","correo":"dl@cole.co","telefono":"984147115","edad":25}
{"apellido":"Henao","nota":[{"codigo":"0133","nota":4.6}],"materia":[{"codigo":"0133","nombre":"calculo","notaMin":3.5,"profesor":[{"codigoPro":"012","codigoMa":"0133","nombre":"Sesar Gonsalez","correo":"sg@cole.co","telefono":"3113111714","edad":0}]}],"nombre":"Emanuel","correo":"eh@cole.co","telefono":"3226612401","edad":19}
