﻿{"nombre":"Alex","apellido":"Fito","fechaNaci":"01/02/98","correo":"lol@cole.co","telefono":"3137344859","nota":[{"codigo":"0133","nota":4.0}],"materia":[{"codigo":"0133","nombre":"calculo","notaMin":3.5,"profesor":[{"codigoPro":"012","nombre":"Sesar Gonsalez","codigoMa":"0133","correo":"sg@cole.co","telefono":"3113111714"}]}]}
{"nombre":"Pepe","apellido":"Grillo","fechaNaci":"11/11/45","correo":"pG@cole.co","telefono":"314514795","nota":[{"codigo":"0133","nota":4.5}],"materia":[{"codigo":"0133","nombre":"calculo","notaMin":3.5,"profesor":[{"codigoPro":"012","nombre":"Sesar Gonsalez","codigoMa":"0133","correo":"sg@cole.co","telefono":"3113111714"}]}]}
{"nombre":"Antonio","apellido":"Perez","fechaNaci":"30/02/80","correo":"Ap@cole.co","telefono":"3535353","nota":[{"codigo":"0133","nota":3.5}],"materia":[{"codigo":"0133","nombre":"calculo","notaMin":3.5,"profesor":[{"codigoPro":"012","nombre":"Sesar Gonsalez","codigoMa":"0133","correo":"sg@cole.co","telefono":"3113111714"}]}]}
{"nombre":"Laura","apellido":"Cardona","fechaNaci":"15/09/00","correo":"Lc@cole.co","telefono":"184618","nota":[{"codigo":"0133","nota":2.0}],"materia":[{"codigo":"0133","nombre":"calculo","notaMin":3.5,"profesor":[{"codigoPro":"012","nombre":"Sesar Gonsalez","codigoMa":"0133","correo":"sg@cole.co","telefono":"3113111714"}]}]}
{"nombre":"Juliana","apellido":"Castaño","fechaNaci":"14/03/94","correo":"jC@cole.co","telefono":"554421","nota":[{"codigo":"0133","nota":3.0}],"materia":[{"codigo":"0133","nombre":"calculo","notaMin":3.5,"profesor":[{"codigoPro":"012","nombre":"Sesar Gonsalez","codigoMa":"0133","correo":"sg@cole.co","telefono":"3113111714"}]}]}
{"nombre":"Jorge","apellido":"Perez","fechaNaci":"18/08/90","correo":"jp@cole.co","telefono":"32266104","nota":[{"codigo":"0133","nota":5.0}],"materia":[{"codigo":"0133","nombre":"calculo","notaMin":3.5,"profesor":[{"codigoPro":"012","nombre":"Sesar Gonsalez","codigoMa":"0133","correo":"sg@cole.co","telefono":"3113111714"}]}]}
{"nombre":"Monica","apellido":"Aristizabal","fechaNaci":"5/01/90","correo":"Ma@cole.co","telefono":"8781","nota":[{"codigo":"0133","nota":3.8}],"materia":[{"codigo":"0133","nombre":"calculo","notaMin":3.5,"profesor":[{"codigoPro":"012","nombre":"Sesar Gonsalez","codigoMa":"0133","correo":"sg@cole.co","telefono":"3113111714"}]}]}
{"nombre":"Luisa","apellido":"Saratoga","fechaNaci":"08/04/98","correo":"ls@cole.co","telefono":"448941","nota":[{"codigo":"0133","nota":1.0}],"materia":[{"codigo":"0133","nombre":"calculo","notaMin":3.5,"profesor":[{"codigoPro":"012","nombre":"Sesar Gonsalez","codigoMa":"0133","correo":"sg@cole.co","telefono":"3113111714"}]}]}
{"nombre":"Federico","apellido":"Crespo","fechaNaci":"07/07/97","correo":"Fc@cole.co","telefono":"5151","nota":[{"codigo":"0133","nota":2.0}],"materia":[{"codigo":"0133","nombre":"calculo","notaMin":3.5,"profesor":[{"codigoPro":"012","nombre":"Sesar Gonsalez","codigoMa":"0133","correo":"sg@cole.co","telefono":"3113111714"}]}]}
{"nombre":"Manuela","apellido":"Peralta","fechaNaci":"07/08/90","correo":"mp@cole.co","telefono":"564561","nota":[{"codigo":"0133","nota":4.0}],"materia":[{"codigo":"0133","nombre":"calculo","notaMin":3.5,"profesor":[{"codigoPro":"012","nombre":"Sesar Gonsalez","codigoMa":"0133","correo":"sg@cole.co","telefono":"3113111714"}]}]}
{"nombre":"Felipe","apellido":"Mesa","fechaNaci":"07/08/90","correo":"fm@cole.co","telefono":"12204545","nota":[{"codigo":"0133","nota":3.5}],"materia":[{"codigo":"0133","nombre":"calculo","notaMin":3.5,"profesor":[{"codigoPro":"012","nombre":"Sesar Gonsalez","codigoMa":"0133","correo":"sg@cole.co","telefono":"3113111714"}]}]}
{"nombre":"Santiago","apellido":"Dussan","fechaNaci":"07/08/90","correo":"sd@cole.co","telefono":"10551555","nota":[{"codigo":"0133","nota":3.0}],"materia":[{"codigo":"0133","nombre":"calculo","notaMin":3.5,"profesor":[{"codigoPro":"012","nombre":"Sesar Gonsalez","codigoMa":"0133","correo":"sg@cole.co","telefono":"3113111714"}]}]}
{"nombre":"Miguel","apellido":"Saldarriaga","fechaNaci":"07/08/90","correo":"ms@cole.co","telefono":"00147998","nota":[{"codigo":"0133","nota":3.2}],"materia":[{"codigo":"0133","nombre":"calculo","notaMin":3.5,"profesor":[{"codigoPro":"012","nombre":"Sesar Gonsalez","codigoMa":"0133","correo":"sg@cole.co","telefono":"3113111714"}]}]}
{"nombre":"Joan","apellido":"Marin","fechaNaci":"07/08/90","correo":"jm@cole.co","telefono":"9990544187","nota":[{"codigo":"0133","nota":3.4}],"materia":[{"codigo":"0133","nombre":"calculo","notaMin":3.5,"profesor":[{"codigoPro":"012","nombre":"Sesar Gonsalez","codigoMa":"0133","correo":"sg@cole.co","telefono":"3113111714"}]}]}
{"nombre":"Steven","apellido":"Osono","fechaNaci":"07/08/90","correo":"so@cole.co","telefono":"99802442","nota":[{"codigo":"0133","nota":3.6}],"materia":[{"codigo":"0133","nombre":"calculo","notaMin":3.5,"profesor":[{"codigoPro":"012","nombre":"Sesar Gonsalez","codigoMa":"0133","correo":"sg@cole.co","telefono":"3113111714"}]}]}
{"nombre":"Julian","apellido":"Manzano","fechaNaci":"07/08/90","correo":"jm@cole.co","telefono":"10883354","nota":[{"codigo":"0133","nota":3.8}],"materia":[{"codigo":"0133","nombre":"calculo","notaMin":3.5,"profesor":[{"codigoPro":"012","nombre":"Sesar Gonsalez","codigoMa":"0133","correo":"sg@cole.co","telefono":"3113111714"}]}]}
{"nombre":"Juan","apellido":"Ocampo","fechaNaci":"07/08/90","correo":"jo@cole.co","telefono":"99820024","nota":[{"codigo":"0133","nota":4.0}],"materia":[{"codigo":"0133","nombre":"calculo","notaMin":3.5,"profesor":[{"codigoPro":"012","nombre":"Sesar Gonsalez","codigoMa":"0133","correo":"sg@cole.co","telefono":"3113111714"}]}]}
{"nombre":"Angel","apellido":"Rios","fechaNaci":"07/08/90","correo":"ar@cole.co","telefono":"352485515","nota":[{"codigo":"0133","nota":4.2}],"materia":[{"codigo":"0133","nombre":"calculo","notaMin":3.5,"profesor":[{"codigoPro":"012","nombre":"Sesar Gonsalez","codigoMa":"0133","correo":"sg@cole.co","telefono":"3113111714"}]}]}
{"nombre":"Diego","apellido":"Lopez","fechaNaci":"07/08/90","correo":"dl@cole.co","telefono":"984147115","nota":[{"codigo":"0133","nota":4.4}],"materia":[{"codigo":"0133","nombre":"calculo","notaMin":3.5,"profesor":[{"codigoPro":"012","nombre":"Sesar Gonsalez","codigoMa":"0133","correo":"sg@cole.co","telefono":"3113111714"}]}]}
{"nombre":"Emanuel","apellido":"Henao","fechaNaci":"07/08/90","correo":"eh@cole.co","telefono":"3226612401","nota":[{"codigo":"0133","nota":4.6}],"materia":[{"codigo":"0133","nombre":"calculo","notaMin":3.5,"profesor":[{"codigoPro":"012","nombre":"Sesar Gonsalez","codigoMa":"0133","correo":"sg@cole.co","telefono":"3113111714"}]}]}
